help	direct	great	nearly	chair	realize
probably	examine	steady	serve	would	reason
sang	about	pair	dirty	heavy	reader
production	increase	chance	contrast	my	nine
best	dropped	arrow	victory	tribe	knowledge
lie	should	sort	applied	talk	smallest
world	rear	product	seeing	substance	tank
ahead	sale	unusual	closely	importance	fed
away	close	ran	slip	bridge	protection
fall	parent	flew	syllable	offer	motor
by	valuable	cause	herself	plain	flame
strip	nails	carbon	island	college	canal
organization	paragraph	heat	directly	throughout	mouth
cook	purpose	speed	everywhere	leaving	tobacco
flower	friendly	rising	clear	rhyme	partly
least	gather	sand	milk	hearing	mother
broken	design	read	shinning	bottom	wish
similar	parent	spring	care	east	else
rubber	slowly	board	weight	rubber	damage
sick	mission	movement	pay	route	more
upper	rule	smell	post	neighbor	orbit
have	planned	quite	sitting	call	merely
medicine	ring	theory	discovery	calm	this
accident	great	prove	garden	buried	dropped
jar	needed	sound	driving	common	medicine
east	search	create	journey	mostly	gun
aloud	race	plates	black	giant	throat
fair	dinner	chicken	metal	help	mark
goes	also	language	position	hole	save
basic	tree	palace	am	hard	theory
mad	suggest	chosen	due	due	most
went	double	rope	recent	evidence	chair
able	twelve	hospital	road	stock	stretch
sweet	name	dirt	settlers	sheet	needle
tell	pencil	on	command	onlinetools	must
rise	milk	read	hour	death	valley
amount	determine	massage	pack	image	disappear
suppose	tell	club	national	chair	somehow
involved	author	size	cotton	half	apple
